l,cl
2,6.4807419137252994e-09
3,8.182358763881116e-09
4,8.150980508275669e-09
5,7.851213634097682e-09
6,7.346596274382403e-09
7,6.873339010000941e-09
8,6.195921411802729e-09
9,5.809581738379058e-09
10,5.38786329801953e-09
11,4.967168598559582e-09
12,4.542978648193122e-09
13,4.1882600481975315e-09
14,3.967684720925197e-09
15,3.714609864185516e-09
16,3.474954638388185e-09
17,3.252005124419577e-09
18,3.0084671060044594e-09
19,2.8407141405380947e-09
20,2.7037653307530087e-09
21,2.629374454468636e-09
22,2.4350812440076313e-09
23,2.330220814384802e-09
24,2.231983137434925e-09
25,2.086568312870879e-09
26,2.025075636095561e-09
27,1.903023705637584e-09
28,1.8468570325846863e-09
29,1.7898149029026375e-09
30,1.7146829600683417e-09
31,1.6083978364224302e-09
32,1.5863410716828218e-09
33,1.5494322408899367e-09
34,1.464216809489636e-09
35,1.3852382700930301e-09
36,1.329835247461489e-09
37,1.2954566428597027e-09
38,1.243808884687099e-09
39,1.1911953925007865e-09
40,1.1862040574327136e-09
41,1.1558022156270314e-09
42,1.0882471595226074e-09
43,1.0552089313147162e-09
44,1.0313577831749031e-09
45,9.959236579027276e-10
46,9.718326398741276e-10
47,9.445978812159316e-10
48,9.299094465297286e-10
49,9.003495466937174e-10
50,8.633559845853638e-10
51,8.532263086673022e-10
52,8.362881238437915e-10
53,8.031780505531234e-10
54,7.85074414411518e-10
55,7.802834824394367e-10
56,7.42455522099289e-10
57,7.305344838806051e-10
58,7.19727758957593e-10
59,7.045181955401002e-10
60,6.904619510430214e-10
61,6.699160217087779e-10
62,6.547864476080214e-10
63,6.514144550924306e-10
64,6.325474193721277e-10
65,6.236138290040117e-10
66,6.19874271006851e-10
67,5.961692161285115e-10
68,5.836504820271315e-10
69,5.820020395267238e-10
70,5.649801646228544e-10
71,5.41289977265784e-10
72,5.428966341976014e-10
73,5.394684889363759e-10
74,5.247040858395699e-10
75,5.251684620637923e-10
76,5.071048139492857e-10
77,4.993987608642734e-10
78,4.924073866542015e-10
79,4.829273328677982e-10
80,4.79910658749355e-10
81,4.679499729487721e-10
82,4.5851550543352336e-10
83,4.568047506742872e-10
84,4.493425125395186e-10
85,4.39845799345285e-10
86,4.3598108210965e-10
87,4.285270862998059e-10
88,4.351145243124294e-10
89,4.086536686333978e-10
90,4.141348122605093e-10
91,4.042895089100705e-10
92,4.000570304424276e-10
93,3.940495800085791e-10
94,3.88120896282347e-10
95,3.8589571699168943e-10
96,3.8659654759730716e-10
97,3.7088344497264215e-10
98,3.711602833823461e-10
99,3.619426480592413e-10
100,3.584486480199575e-10
101,3.595752780131357e-10
102,3.498885837904345e-10
103,3.515598710275955e-10
104,3.472811595892654e-10
105,3.4010321403286425e-10
106,3.367715800509178e-10
107,3.3212635511353583e-10
108,3.305301629602831e-10
109,3.262531714184396e-10
110,3.2574185341236526e-10
111,3.165673041211402e-10
112,3.168088565893635e-10
113,3.181772206597614e-10
114,3.1097341415397676e-10
115,3.0679382891969735e-10
116,2.9669652178613635e-10
117,2.924254231013532e-10
118,3.0142791084863877e-10
119,2.97505185885316e-10
120,2.957862054450504e-10
121,2.9031280311804074e-10
122,2.899732615416145e-10
123,2.8258919812735e-10
124,2.7952694443282133e-10
125,2.812557701757608e-10
126,2.74441904066814e-10
127,2.756397694051758e-10
128,2.747019571526602e-10
129,2.6739458133994463e-10
130,2.649384214344619e-10
131,2.610763846142436e-10
132,2.667306136183594e-10
133,2.5967116368091494e-10
134,2.574746460542577e-10
135,2.575032078843212e-10
136,2.4763997698637873e-10
137,2.495385038841785e-10
138,2.5260421150074187e-10
139,2.4533444446873676e-10
140,2.449524430829879e-10
141,2.391525767952129e-10
142,2.4021310795260483e-10
143,2.394342058520581e-10
144,2.393036981740632e-10
145,2.316453930492137e-10
146,2.3121871358236744e-10
147,2.3232862202461853e-10
148,2.2999890240167563e-10
149,2.2525499367098475e-10
150,2.27517677846407e-10
151,2.2128958791888924e-10
152,2.2517418288454771e-10
153,2.2193223457401828e-10
154,2.2031180037546518e-10
155,2.1694961797673982e-10
156,2.1709861022270366e-10
157,2.1381922040426755e-10
158,2.1376263738857896e-10
159,2.1019726533733322e-10
160,2.121141833095367e-10
161,2.104273913942731e-10
162,2.0634874794075282e-10
163,2.0289323420587815e-10
164,2.113128564162017e-10
165,2.0539747838115856e-10
166,1.9965750578055718e-10
167,2.0230536116303322e-10
168,2.0281035058769187e-10
169,2.004174489545948e-10
170,1.9562852420813663e-10
171,1.9683658463734345e-10
172,1.927052802019848e-10
173,1.9581453656150406e-10
174,1.9112356119665962e-10
175,1.8995457403186126e-10
176,1.8988324327434912e-10
177,1.9082692462354083e-10
178,1.8864290600546386e-10
179,1.86349031044184e-10
180,1.8512683366687806e-10
181,1.887378724214236e-10
182,1.8793063579466003e-10
183,1.7965687105756258e-10
184,1.810251508357849e-10
185,1.8335894763885032e-10
186,1.7800595319864884e-10
187,1.8007146711755214e-10
188,1.747992359984875e-10
189,1.7754474153744846e-10
190,1.740121187307588e-10
191,1.772868654259622e-10
192,1.7343110706770552e-10
193,1.725262434598563e-10
194,1.717536232644907e-10
195,1.6795410066326789e-10
196,1.6660404134209522e-10
197,1.6701780016331942e-10
198,1.6581207562212542e-10
199,1.6495396658944057e-10
200,1.6495533918302942e-10
201,1.6356282345009338e-10
202,1.640849175874687e-10
203,1.6302307713384936e-10
204,1.6126224492738385e-10
205,1.6246991055855554e-10
206,1.5964087053073948e-10
207,1.5774910026653095e-10
208,1.6019276794710427e-10
209,1.5718736732982277e-10
210,1.5691838975783957e-10
211,1.5544329072343209e-10
212,1.5434277221038432e-10
213,1.5609734260598863e-10
214,1.501406014994018e-10
215,1.5256941335436026e-10
216,1.5226642811652663e-10
217,1.5083666212946203e-10
218,1.5043184417575142e-10
219,1.48977718423947e-10
220,1.4953885875103642e-10
221,1.4933832064088756e-10
222,1.4804711939633945e-10
223,1.4764952479845776e-10
224,1.4675715173010857e-10
225,1.4338102069476067e-10
226,1.4292781706886014e-10
227,1.4439347232177454e-10
228,1.4474380137298008e-10
229,1.4387468060651308e-10
230,1.429615794255927e-10
231,1.4015379492813822e-10
232,1.4079802676314254e-10
233,1.4116414869634527e-10
234,1.4115288957647737e-10
235,1.3741248918118068e-10
236,1.3720224149364916e-10
237,1.3746685433173763e-10
238,1.3833257525063174e-10
239,1.3656146864801956e-10
240,1.3433240581682015e-10
241,1.348267303823922e-10
242,1.3506220701666318e-10
243,1.3161758300259054e-10
244,1.3201511476835363e-10
245,1.333075753039794e-10
246,1.3185462623351077e-10
247,1.2990295172669276e-10
248,1.3082980276497258e-10
249,1.3038788232594034e-10
250,1.305952324333029e-10
251,1.2960926743867606e-10
252,1.2696850399185552e-10
253,1.2768287310168654e-10
254,1.26509988485105e-10
255,1.2791462154625663e-10
256,1.2743114436733453e-10
257,1.2380693798173811e-10
258,1.2569673081657388e-10
259,1.2334204180487211e-10
260,1.225638238926523e-10
261,1.2258654739038046e-10
262,1.2291747496208473e-10
263,1.2237318815160733e-10
264,1.1994088982848918e-10
265,1.2066178125894909e-10
266,1.1918541057394015e-10
267,1.2156442708912814e-10
268,1.1953488135898818e-10
269,1.191054271818734e-10
270,1.2072849135261662e-10
271,1.2041917524177714e-10
272,1.1810269701169073e-10
273,1.1934788083243553e-10
274,1.1672309629340051e-10
275,1.1733763620703543e-10
276,1.1613159407352522e-10
277,1.1640114904826876e-10
278,1.1214630918595181e-10
279,1.140489357998627e-10
280,1.1387914318530476e-10
281,1.1056927741051948e-10
282,1.1364481364005156e-10
283,1.1347829645491048e-10
284,1.1046149293022477e-10
285,1.1371880783717997e-10
286,1.0898864734031007e-10
287,1.1203297221583905e-10
288,1.1123462945412489e-10
289,1.0971100029858719e-10
290,1.0822977565672132e-10
291,1.113299069001037e-10
292,1.0702682657099898e-10
293,1.0840998744964703e-10
294,1.0773901472351266e-10
295,1.0709234674552191e-10
296,1.0715613880034461e-10
297,1.055960608763004e-10
298,1.0560101837452746e-10
299,1.0680969001308781e-10
300,1.0519134051745537e-10
301,1.0544728756662952e-10
302,1.0394746943451956e-10
303,1.0439486164375765e-10
304,1.0579689780601524e-10
305,1.0250135952222264e-10
306,1.0169701737237868e-10
307,1.0326891453176614e-10
308,1.021188245207634e-10
309,1.0305939185958017e-10
310,1.0178484542742724e-10
311,9.835875939657984e-11
312,1.0121839367900218e-10
313,1.0037055601757303e-10
314,1.0018763028927291e-10
315,9.978670537265425e-11
316,1.0105291391863305e-10
317,9.967213454537713e-11
318,9.785789917413501e-11
319,9.866132828997362e-11
320,9.724479452745042e-11
321,9.792597711307274e-11
322,9.755433347777867e-11
323,9.611473098007046e-11
324,9.625124456095387e-11
325,9.653015504654962e-11
326,9.459607963088884e-11
327,9.577803586280242e-11
328,9.541121321314584e-11
329,9.460226429707972e-11
330,9.46989895569836e-11
331,9.365349829546869e-11
332,9.494396473571774e-11
333,9.366632999053424e-11
334,9.268683783832088e-11
335,9.357404081103491e-11
336,9.370270090824883e-11
337,9.135828849882804e-11
338,8.949092272504493e-11
339,9.12955510714609e-11
340,9.082122087078448e-11
341,9.149313564763225e-11
342,9.01896777892356e-11
343,9.055405166579897e-11
344,8.940137382052316e-11
345,8.957499509221887e-11
346,8.984351033940023e-11
347,9.0451033368396e-11
348,8.959795018172452e-11
349,8.683128343455043e-11
350,8.651899526422662e-11
351,8.691830278766409e-11
352,8.796285553784232e-11
353,8.801815604486835e-11
354,8.707107787370523e-11
355,8.711492687530801e-11
356,8.742592083320015e-11
357,8.412219682896435e-11
358,8.59039960042811e-11
359,8.360614616627874e-11
360,8.65162643770371e-11
361,8.43520443565089e-11
362,8.457273967589985e-11
363,8.349147109112374e-11
364,8.3947966740939e-11
365,8.265613014561738e-11
366,8.415771797067749e-11
367,8.270018310232694e-11
368,8.412620633208823e-11
369,8.266636250266018e-11
370,8.152312956588294e-11
371,8.143292534921333e-11
372,8.114921871513083e-11
373,8.144530353828181e-11
374,8.114396929799414e-11
375,8.244283168398683e-11
376,8.092290518531081e-11
377,7.95673727337982e-11
378,8.128095115804017e-11
379,8.092647195816156e-11
380,8.01822105516949e-11
381,7.937460060949992e-11
382,7.892681541386948e-11
383,7.855866531384929e-11
384,8.018344068426895e-11
385,8.001762000529514e-11
386,7.759190214039889e-11
387,7.720401267901887e-11
388,7.853963813229993e-11
389,7.647382205992265e-11
390,7.902821582394473e-11
391,7.660803595311634e-11
392,7.72897239133463e-11
393,7.616506153592886e-11
394,7.769306166292972e-11
395,7.69656694829663e-11
396,7.471464169727968e-11
397,7.525175530324736e-11
398,7.664524624501539e-11
399,7.464326017693936e-11
400,7.509615396510632e-11
401,7.476879399048442e-11
402,7.461773587581559e-11
403,7.361744144868452e-11
404,7.397631270467119e-11
405,7.468920532945138e-11
406,7.25440662072552e-11
407,7.438858718667174e-11
408,7.199508695456467e-11
409,7.432553882037027e-11
410,7.164660612201008e-11
411,7.19052955228904e-11
412,7.159325237200005e-11
413,7.311378818458455e-11
414,7.235502667476661e-11
415,7.138364361612106e-11
416,7.278612991274159e-11
417,7.165850956804517e-11
418,7.067841712886923e-11
419,7.219636569124993e-11
420,7.029450937605983e-11
421,7.072216250957664e-11
422,6.974002996819367e-11
423,6.925505084867099e-11
424,7.049688512100496e-11
425,7.026407104302067e-11
426,6.929251721592091e-11
427,6.911804946469741e-11
428,6.988827803127369e-11
429,6.89607453953367e-11
430,6.989763967038354e-11
431,6.781073476847746e-11
432,6.8099795240927e-11
433,6.733149866747014e-11
434,6.826512971907275e-11
435,6.864791412984982e-11
436,6.697807648978432e-11
437,6.656661947108407e-11
438,6.68733188302859e-11
439,6.792845464745743e-11
440,6.83826255408973e-11
441,6.751955816371612e-11
442,6.714933631959665e-11
443,6.574453093170405e-11
444,6.69765482444722e-11
445,6.567370061155171e-11
446,6.629963282047775e-11
447,6.574952798535221e-11
448,6.55006174603428e-11
449,6.548222741054793e-11
450,6.540869486775248e-11
451,6.379529927621807e-11
452,6.524313746645959e-11
453,6.524826328946855e-11
454,6.378277975692088e-11
455,6.347333428454222e-11
456,6.384381726018075e-11
457,6.288825107155878e-11
458,6.302860295502866e-11
459,6.337888529113171e-11
460,6.32601046487606e-11
461,6.355420584853682e-11
462,6.36195432714901e-11
463,6.226811396350574e-11
464,6.218557461921311e-11
465,6.266976723902069e-11
466,6.286062102424654e-11
467,6.106654853199706e-11
468,6.25990408011885e-11
469,6.168066123172613e-11
470,6.042796528234714e-11
471,6.113195358455686e-11
472,6.021238945559837e-11
473,6.136147522512277e-11
474,6.08973604372992e-11
475,6.000072192163427e-11
476,5.909110807533556e-11
477,6.124568698147054e-11
478,6.039863658502722e-11
479,6.03186624509145e-11
480,5.977694995973646e-11
481,6.003199459974394e-11
482,5.805123902428409e-11
483,5.975345472760976e-11
484,5.882321989475089e-11
485,5.7381845233792666e-11
486,5.924769535267216e-11
487,6.001417596962676e-11
488,5.792109175691796e-11
489,5.840666634479385e-11
490,5.838804220271878e-11
491,5.88421577431734e-11
492,5.87518561136381e-11
493,5.838973158940624e-11
494,5.7357390655108384e-11
495,5.7552309585239227e-11
496,5.860821434902414e-11
497,5.74511186075265e-11
498,5.659727392812169e-11
499,5.6511423917580734e-11
500,5.688019137746756e-11
501,5.637374834382494e-11
502,5.709694420397604e-11
503,5.663795050759608e-11
504,5.698538647965222e-11
505,5.553492241024046e-11
506,5.567117783207122e-11
507,5.5676310173018484e-11
508,5.553832335209989e-11
509,5.537317265865857e-11
510,5.598962502860236e-11
511,5.500302988198902e-11
512,5.4934135464317823e-11
513,5.467353956151067e-11
514,5.503195217613202e-11
515,5.4394768492846454e-11
516,5.447388728384577e-11
517,5.501581601036021e-11
518,5.4221306596489445e-11
519,5.333585800447525e-11
520,5.3997043613374994e-11
521,5.374704326975097e-11
522,5.392944704947362e-11
523,5.3482455264572964e-11
524,5.385982701727553e-11
525,5.289607542524588e-11
526,5.2467524707748e-11
527,5.2887175532627247e-11
528,5.297586439115213e-11
529,5.328209392075594e-11
530,5.291314990279635e-11
531,5.2984627033844414e-11
532,5.262158593118299e-11
533,5.1818056482893156e-11
534,5.1996666524415114e-11
535,5.294664872718605e-11
536,5.231853859165679e-11
537,5.179070337249247e-11
538,5.112262287558261e-11
539,5.184534082703253e-11
540,5.086681253109351e-11
541,5.1021502035200745e-11
542,5.0216705619242826e-11
543,5.1513610192091367e-11
544,5.158378529462155e-11
545,5.0872216029133367e-11
546,5.131133830549667e-11
547,5.0285421471582674e-11
548,4.9563090804074526e-11
549,5.05845271470773e-11
550,4.962865527033634e-11
551,5.0173903817124905e-11
552,5.053405461106181e-11
553,4.922482097298583e-11
554,4.965501206455839e-11
555,4.9344470614198565e-11
556,4.934063538071847e-11
557,4.907182881057263e-11
558,4.822981259665541e-11
559,4.982449064741924e-11
560,4.840494622636307e-11
561,4.816002780710687e-11
562,4.9369811303592055e-11
563,4.854550788212105e-11
564,4.781544513165561e-11
565,4.8453629138003976e-11
566,4.720913460142334e-11
567,4.8637682649120744e-11
568,4.8637716800989295e-11
569,4.82388042858759e-11
570,4.788546406179759e-11
571,4.8404575196568086e-11
572,4.650834675963804e-11
573,4.735620946028431e-11
574,4.6768441428294096e-11
575,4.7963547506684916e-11
576,4.807497481161501e-11
577,4.712180914096664e-11
578,4.640900527114665e-11
579,4.687988817303917e-11
580,4.595645604915072e-11
581,4.6473215048764924e-11
582,4.617201400397891e-11
583,4.6840961737607217e-11
584,4.619222219818689e-11
585,4.547655256474774e-11
586,4.5802272400675405e-11
587,4.560932342845733e-11
588,4.564047656960065e-11
589,4.569345846525385e-11
590,4.5346426039145135e-11
591,4.495383974069946e-11
592,4.5101487369891205e-11
593,4.5340405872255755e-11
594,4.516073137982935e-11
595,4.585699366733958e-11
596,4.4578883050615263e-11
597,4.5347095615913036e-11
598,4.4027068880177004e-11
599,4.439631254528758e-11
600,4.43830161423751e-11
601,4.45651364432632e-11
602,4.3915354098624985e-11
603,4.334629570979593e-11
604,4.400314507566671e-11
605,4.388663899780537e-11
606,4.332297195047267e-11
607,4.399000814356388e-11
608,4.3609543025340503e-11
609,4.296141374331241e-11
610,4.3495837716286704e-11
611,4.3551370301523047e-11
612,4.3232446630923836e-11
613,4.356525204066996e-11
614,4.2937568012370215e-11
615,4.2883599599547385e-11
616,4.1986524538984714e-11
617,4.179972177186479e-11
618,4.346491542858568e-11
619,4.2695475761195346e-11
620,4.226345608297546e-11
621,4.106625467388297e-11
622,4.273727021229344e-11
623,4.152597131567898e-11
624,4.103263981234006e-11
625,4.240553546794878e-11
626,4.1808977420998923e-11
627,4.165223189552827e-11
628,4.134543645600127e-11
629,4.1678493775243604e-11
630,4.1854730455428145e-11
631,4.2101061710945484e-11
632,4.175346875443005e-11
633,4.1488641741446484e-11
634,4.1229413707843925e-11
635,4.1292190668913216e-11
636,4.14350099506978e-11
637,4.0301452953405444e-11
638,4.100055116436515e-11
639,4.11879257125557e-11
640,4.018706328734881e-11
641,4.0455983107390076e-11
642,4.0415194438464725e-11
643,4.077662866250831e-11
644,4.0758292395242697e-11
645,4.040015407060756e-11
646,4.006558773456235e-11
647,4.0022690005893626e-11
648,4.040037662251075e-11
649,4.0471075929629895e-11
650,4.0159777057155984e-11
651,3.9562891225137746e-11
652,3.918843406415978e-11
653,3.950560450417839e-11
654,3.897092530954972e-11
655,3.957762566809462e-11
656,3.8740484688785944e-11
657,3.9270772651520464e-11
658,3.9135914047681224e-11
659,3.9271128948406706e-11
660,3.9155470609164844e-11
661,3.814779748897471e-11
662,3.852773921548674e-11
663,3.8460146541689605e-11
664,3.881779819116573e-11
665,3.9012026034963706e-11
666,3.855095535242124e-11
667,3.812366710502272e-11
668,3.7803925076803945e-11
669,3.848179165318001e-11
670,3.816058907871348e-11
671,3.8281849060949456e-11
672,3.752960001900549e-11
673,3.806370126405441e-11
674,3.725976746140113e-11
675,3.74253703460517e-11
676,3.762591901252274e-11
677,3.738796157643561e-11
678,3.7729724864290433e-11
679,3.767447977118992e-11
680,3.7414596057328735e-11
681,3.7202688785054655e-11
682,3.7069983159695616e-11
683,3.7823346770615047e-11
684,3.66386800206783e-11
685,3.7115079328969283e-11
686,3.7199947150073466e-11
687,3.6946711806684854e-11
688,3.598855668827184e-11
689,3.6803532396303816e-11
690,3.5767495075682933e-11
691,3.617011746400588e-11
692,3.645489429549773e-11
693,3.646091931578095e-11
694,3.5995341158241936e-11
695,3.577719315027863e-11
696,3.5355930456304334e-11
697,3.564902767779529e-11
698,3.603857754654286e-11
699,3.631248694717452e-11
700,3.564632186393127e-11
701,3.5514803492097846e-11
702,3.5699938700094845e-11
703,3.5861244900726165e-11
704,3.508815036922792e-11
705,3.505741500867917e-11
706,3.517292347457146e-11
707,3.5627537057350756e-11
708,3.546118974709183e-11
709,3.539369630040535e-11
710,3.473979685312457e-11
711,3.461293818567022e-11
712,3.4452183331466013e-11
713,3.486685487770833e-11
714,3.5426679792150454e-11
715,3.43166192422883e-11
716,3.477692490952636e-11
717,3.446106101411049e-11
718,3.4233812005861115e-11
719,3.4972553723167714e-11
720,3.3850607251326576e-11
721,3.449657203180617e-11
722,3.3639418064675216e-11
723,3.4500840479122176e-11
724,3.410868036817521e-11
725,3.414868777172763e-11
726,3.3699545559485114e-11
727,3.450597098169168e-11
728,3.3175056111541116e-11
729,3.396739065673118e-11
730,3.4310709341017e-11
731,3.341243769203745e-11
732,3.3666579687769435e-11
733,3.345379130170311e-11
734,3.368843584240159e-11
735,3.33352846378506e-11
736,3.310945291779059e-11
737,3.3332114722879614e-11
738,3.335387542670444e-11
739,3.251793741872565e-11
740,3.29315559325293e-11
741,3.283939471272601e-11
742,3.204046707472133e-11
743,3.354936104940793e-11
744,3.2671189048510934e-11
745,3.229406404250205e-11
746,3.201506533568357e-11
747,3.185442918196864e-11
748,3.218878509681155e-11
749,3.241529058319634e-11
750,3.2140974836385645e-11
751,3.239723186439151e-11
752,3.187961188897136e-11
753,3.1662496574362536e-11
754,3.180231869058326e-11
755,3.1953620547245574e-11
756,3.177661816632324e-11
757,3.255325127565904e-11
758,3.1384098239565955e-11
759,3.2125583980998136e-11
760,3.1639314439865445e-11
761,3.180166115372907e-11
762,3.16981960121971e-11
763,3.156796903422048e-11
764,3.172764938858458e-11
765,3.100875379195795e-11
766,3.1254061665653856e-11
767,3.168831029994893e-11
768,3.161408024433774e-11
769,3.162230305372601e-11
770,3.11928164375332e-11
771,3.08338833181189e-11
772,3.0973884214354696e-11
773,3.111637491457701e-11
774,3.0931736746216934e-11
775,3.0632211299981927e-11
776,3.0528012385085836e-11
777,3.0545788669862633e-11
778,3.054119470913555e-11
779,3.034173113006597e-11
780,3.062630636364929e-11
781,3.007841804027865e-11
782,3.0286460733220945e-11
783,3.047211540331109e-11
784,3.026624008587349e-11
785,2.996678726345718e-11
786,2.979521220224163e-11
787,3.0036595421551816e-11
788,3.021817273204853e-11
789,3.002588551461899e-11
790,2.9647060477927185e-11
791,2.989001954817299e-11
792,2.980110264605305e-11
793,2.94137551922473e-11
794,2.9794311576022654e-11
795,2.996007248746933e-11
796,2.9699709462486896e-11
797,2.951254744989322e-11
798,2.979302118726626e-11
799,2.928979211670786e-11
800,2.9067882954993134e-11
801,2.9006475365066e-11
802,2.915381416281979e-11
803,2.8928509994058097e-11
804,2.8780417382296385e-11
805,2.88593279752176e-11
806,2.939163144305518e-11
807,2.8603881484384925e-11
808,2.8526476099378796e-11
809,2.8442841978376177e-11
810,2.895416094298539e-11
811,2.902560312612448e-11
812,2.84451190359205e-11
813,2.865352687589056e-11
814,2.8789848079259345e-11
815,2.8515365812921533e-11
816,2.85389944798749e-11
817,2.827789632140259e-11
818,2.812014958325132e-11
819,2.836763412206875e-11
820,2.819238933175934e-11
821,2.7902290797404468e-11
822,2.8258738781863642e-11
823,2.7799807290111016e-11
824,2.8304146448296957e-11
825,2.7832572371653775e-11
826,2.8400035614891792e-11
827,2.7841316501343556e-11
828,2.7746527457936402e-11
829,2.7209049223728237e-11
830,2.7689723423441758e-11
831,2.757309579614736e-11
832,2.755144999157872e-11
833,2.738196144968381e-11
834,2.725779156825866e-11
835,2.737649625834678e-11
836,2.777055906729778e-11
837,2.7102511498960716e-11
838,2.774329346963285e-11
839,2.7290680569547506e-11
840,2.7087483793028902e-11
841,2.7086348084213903e-11
842,2.6874817200962608e-11
843,2.6694103501383648e-11
844,2.6876480826706863e-11
845,2.6988968512218008e-11
846,2.6727056175971312e-11
847,2.677363192053601e-11
848,2.6507122662010516e-11
849,2.6476297312697543e-11
850,2.6683028982679344e-11
851,2.6696358587587192e-11
852,2.594698962521518e-11
853,2.6598970667494682e-11
854,2.6885904909464227e-11
855,2.657039944659991e-11
856,2.654162270246804e-11
857,2.5949338150549958e-11
858,2.6643201924638523e-11
859,2.572347594470587e-11
860,2.6093027376945042e-11
861,2.6028335698087424e-11
862,2.612474854551252e-11
863,2.638559550253403e-11
864,2.5503789856716662e-11
865,2.5935196361717796e-11
866,2.5829935569747935e-11
867,2.6718579124159344e-11
868,2.5814070586848368e-11
869,2.5620573768801645e-11
870,2.5760536508371743e-11
871,2.589797239559497e-11
872,2.5543755378150134e-11
873,2.583756825179702e-11
874,2.5314549810251663e-11
875,2.5314861797203787e-11
876,2.5387840935218478e-11
877,2.5529138693542015e-11
878,2.544506359284463e-11
879,2.5206414036333127e-11
880,2.539012389612938e-11
881,2.533800723509752e-11
882,2.4661945104946886e-11
883,2.554155814738254e-11
884,2.5269490589378946e-11
885,2.4804373163831898e-11
886,2.4701423963718285e-11
887,2.5109375905611987e-11
888,2.5022949494951227e-11
889,2.5173464231895902e-11
890,2.517637647921321e-11
891,2.492857728119527e-11
892,2.5118377039402897e-11
893,2.485559231093896e-11
894,2.4560294942920993e-11
895,2.4652462645759657e-11
896,2.4418856742123617e-11
897,2.4346953911662062e-11
898,2.455259597639163e-11
899,2.457577051021554e-11
900,2.4316490351837312e-11
901,2.4588777242066016e-11
902,2.4906920179901266e-11
903,2.4221361881690324e-11
904,2.414894675711995e-11
905,2.407884728281501e-11
906,2.4172350854230487e-11
907,2.4539485611627746e-11
908,2.4202229971862304e-11
909,2.430951159240861e-11
910,2.3783863834928986e-11
911,2.3899284591684334e-11
912,2.3897258322462713e-11
913,2.413261660757362e-11
914,2.3770322174448873e-11
915,2.3363334442280668e-11
916,2.3217858583181137e-11
917,2.3777865554635906e-11
918,2.3751890834857354e-11
919,2.368577604836836e-11
920,2.4034549841830604e-11
921,2.3572580008824465e-11
922,2.3276856433023287e-11
923,2.3542829521423214e-11
924,2.3380706626057112e-11
925,2.378681104541799e-11
926,2.2891656215383166e-11
927,2.3443740590701918e-11
928,2.2937008213372362e-11
929,2.2832926951155644e-11
930,2.293979905464439e-11
931,2.281795606083766e-11
932,2.2950743410947007e-11
933,2.2933566697410494e-11
934,2.33750653997712e-11
935,2.2548271363303854e-11
936,2.2612455854578555e-11
937,2.3114401431783222e-11
938,2.2997603444841404e-11
939,2.2875009795250514e-11
940,2.2531653530321074e-11
941,2.2572322216450053e-11
942,2.2951556954161088e-11
943,2.2650588907331116e-11
944,2.2579891564403856e-11
945,2.2586581916079303e-11
946,2.244681416716216e-11
947,2.2821146250968663e-11
948,2.2021203097065753e-11
949,2.217571606698095e-11
950,2.223272879647513e-11
951,2.2324138839019914e-11
952,2.239064611289521e-11
953,2.1993677748700892e-11
954,2.2147799595759994e-11
955,2.229926039083313e-11
956,2.203401928324165e-11
957,2.200996085329561e-11
958,2.233384766946886e-11
959,2.1826190080058826e-11
960,2.1488053882495746e-11
961,2.196628342161563e-11
962,2.171156410366101e-11
963,2.1976993193548645e-11
964,2.179498810283952e-11
965,2.196471954149708e-11
966,2.1703557013184068e-11
967,2.198417092120518e-11
968,2.1268307129173523e-11
969,2.1635204058526333e-11
970,2.182860256804854e-11
971,2.1683243218679794e-11
972,2.138405614796778e-11
973,2.1705012368681086e-11
974,2.173060029310121e-11
975,2.158446477922903e-11
976,2.1626983146690184e-11
977,2.1338071429660944e-11
978,2.15159242947864e-11
979,2.1369835991318926e-11
980,2.1389128368765105e-11
981,2.1334553015120212e-11
982,2.1144365227012226e-11
983,2.124226706629243e-11
984,2.1218739143692253e-11
985,2.064550722474544e-11
986,2.1210589158676924e-11
987,2.1324902632711216e-11
988,2.1284920930108958e-11
989,2.0900386791339303e-11
990,2.1010756561268597e-11
991,2.0499889871557486e-11
992,2.1243448961926185e-11
993,2.0972034405634907e-11
994,2.0716874271976558e-11
995,2.057877490062472e-11
996,2.0774516900376612e-11
997,2.0753909550968337e-11
998,2.0832877834082334e-11
999,2.080028591124147e-11
1000,2.0837603727877023e-11
1001,2.0538980731470517e-11
1002,2.068770965166463e-11
1003,2.0505384909596572e-11
1004,2.046515083170629e-11
1005,2.0274933224661714e-11
1006,2.0271806178473833e-11
1007,2.0409535972664522e-11
1008,2.0540500149968526e-11
1009,2.0138415120228376e-11
1010,2.0192619434427257e-11
1011,2.0246751036594202e-11
1012,2.0108603403072175e-11
1013,1.981853994171659e-11
1014,2.011975543002387e-11
1015,1.996502232976686e-11
1016,2.0090469647444613e-11
1017,2.02458229331566e-11
1018,1.9955247488608794e-11
1019,1.9955328865515903e-11
1020,1.9924954260913536e-11
1021,1.9541098751823488e-11
1022,2.0088640901450767e-11
1023,1.9965719300882606e-11
1024,1.9849599843575987e-11
1025,1.9733983988883208e-11
1026,2.0067926992577683e-11
1027,1.9753462722297763e-11
1028,1.9867201345131845e-11
1029,1.986267421759268e-11
1030,1.9355236339106532e-11
1031,1.9659308251627694e-11
1032,1.9500660996056595e-11
1033,1.9378561031255263e-11
1034,1.9563499375999757e-11
1035,1.954929471193718e-11
1036,1.94100374398568e-11
1037,1.944555266897836e-11
1038,1.9727742688349205e-11
1039,1.922438678864644e-11
1040,1.9355717987639952e-11
1041,1.9088045620460828e-11
1042,1.9513836513913618e-11
1043,1.9288820541027722e-11
1044,1.9077739621455185e-11
1045,1.9135640970394332e-11
1046,1.8972023297435632e-11
1047,1.894270548674117e-11
1048,1.9247221386420657e-11
1049,1.9368062432854945e-11
1050,1.9137411810155332e-11
1051,1.9050318808220044e-11
1052,1.916822943818254e-11
1053,1.9279540720971672e-11
1054,1.8875321108306765e-11
1055,1.9108066610236687e-11
1056,1.8657877451338395e-11
1057,1.8720174609035127e-11
1058,1.8954679842746636e-11
1059,1.875158371576466e-11
1060,1.8510910403156183e-11
1061,1.8796988321758432e-11
1062,1.8527481883937222e-11
1063,1.870935389832176e-11
1064,1.8711254463747762e-11
1065,1.860774024037846e-11
1066,1.893177262628637e-11
1067,1.837250381170106e-11
1068,1.855612957920169e-11
1069,1.839599182914225e-11
1070,1.8202812594457196e-11
1071,1.8194034234419024e-11
1072,1.8162086490094313e-11
1073,1.8248351655023156e-11
1074,1.8481422644265663e-11
1075,1.8188793256227362e-11
1076,1.7879323251787808e-11
1077,1.852914489905433e-11
1078,1.7927123822691193e-11
1079,1.8103256490932437e-11
1080,1.7973946458260722e-11
1081,1.8334324513890768e-11
1082,1.7983318386118806e-11
1083,1.823981159432759e-11
1084,1.8102295688508362e-11
1085,1.822776199346056e-11
1086,1.7968801930480055e-11
1087,1.8188187679919875e-11
1088,1.7999605166120428e-11
1089,1.7692368836657478e-11
1090,1.7736558474216934e-11
1091,1.7707037842813423e-11
1092,1.8042722305156477e-11
1093,1.7591612073395704e-11
1094,1.7687335509205476e-11
1095,1.7571693344631534e-11
1096,1.8098479509491925e-11
1097,1.768295949709284e-11
1098,1.754089011700217e-11
1099,1.7578511805027064e-11
1100,1.7810544606232288e-11
1101,1.769879998607835e-11
1102,1.762292755856924e-11
1103,1.7369450691149717e-11
1104,1.7288831617038366e-11
1105,1.7549357525112855e-11
1106,1.758873909052047e-11
1107,1.751627545663679e-11
1108,1.774562762034936e-11
1109,1.7486535197926458e-11
1110,1.7289404465793992e-11
1111,1.7113602562302182e-11
1112,1.7415122859382823e-11
1113,1.7155462860739717e-11
1114,1.7250657529128584e-11
1115,1.725937110532408e-11
1116,1.728945626335594e-11
1117,1.730877426620275e-11
1118,1.7055725877907617e-11
1119,1.6920649427963815e-11
1120,1.6930850092698557e-11
1121,1.7117457425725308e-11
1122,1.6804351790194896e-11
1123,1.7422050225128433e-11
1124,1.7016555945471513e-11
1125,1.6685257485602102e-11
1126,1.6897110728439834e-11
1127,1.7044264612959035e-11
1128,1.6641872265804675e-11
1129,1.6995413856625106e-11
1130,1.677973757937376e-11
1131,1.6798677338228154e-11
1132,1.6859987238432523e-11
1133,1.659041264923617e-11
1134,1.6651797942929148e-11
1135,1.6742553206514062e-11
1136,1.6517351470705716e-11
1137,1.690949615160493e-11
1138,1.6493539983399688e-11
1139,1.6370567658487358e-11
1140,1.6640049177501983e-11
1141,1.6623194804526128e-11
1142,1.6623329232227844e-11
1143,1.685575072569809e-11
1144,1.6463478725990053e-11
1145,1.639307451483839e-11
1146,1.6392791401558353e-11
1147,1.6494758803098683e-11
1148,1.6239331794318448e-11
1149,1.62813609023362e-11
1150,1.639477229407559e-11
1151,1.6347286680258586e-11
1152,1.6346301164435535e-11
1153,1.6135548564210232e-11
1154,1.6218409715245685e-11
1155,1.6153882049120307e-11
1156,1.6171023676670357e-11
1157,1.6236486548661476e-11
1158,1.601842529197707e-11
1159,1.6114004894947224e-11
1160,1.6017112767889702e-11
1161,1.6100897608903933e-11
1162,1.576108310832689e-11
1163,1.5874003262024972e-11
1164,1.6131158585689304e-11
1165,1.5934215586439186e-11
1166,1.6202595929679314e-11
1167,1.5932377271170315e-11
1168,1.6187459974104428e-11
1169,1.5619717020600967e-11
1170,1.5822447402335713e-11
1171,1.5670609291220388e-11
1172,1.5583112699954208e-11
1173,1.5939650208853783e-11
1174,1.5670937723473665e-11
1175,1.5597121741569554e-11
1176,1.6239508757844027e-11
1177,1.597129304991896e-11
1178,1.5327469857918356e-11
1179,1.5569024306058717e-11
1180,1.559996601822771e-11
1181,1.5921170096191142e-11
1182,1.54929534920863e-11
1183,1.5339106477807933e-11
1184,1.591589138751767e-11
1185,1.546672402911312e-11
1186,1.5251878982937214e-11
1187,1.5714790056503253e-11
1188,1.5695605727753022e-11
1189,1.541369906426933e-11
1190,1.525920501657155e-11
1191,1.536463911758024e-11
1192,1.5392579635585466e-11
1193,1.544137064329787e-11
1194,1.5283620034263043e-11
1195,1.5635193236462465e-11
1196,1.5381974781411706e-11
1197,1.5414240075472263e-11
1198,1.5468335742797092e-11
1199,1.5000626758635893e-11
1200,1.492860033672809e-11
1201,1.5612266559949968e-11
1202,1.517170571217872e-11
1203,1.4966190115990392e-11
1204,1.500850678519016e-11
1205,1.4651393432177137e-11
1206,1.509045127130784e-11
1207,1.505072065768024e-11
1208,1.4997142410194382e-11
1209,1.5099497824351576e-11
1210,1.4739050157522088e-11
1211,1.4830474802417288e-11
1212,1.5025774270479635e-11
1213,1.4971021815631054e-11
1214,1.466554276311224e-11
1215,1.4848777634579117e-11
1216,1.478476776581021e-11
1217,1.488886625373215e-11
1218,1.49112587712076e-11
1219,1.484126777131849e-11
1220,1.4659860799031677e-11
1221,1.46763032009901e-11
1222,1.4802077163202037e-11
1223,1.483667163055755e-11
1224,1.4463821069067783e-11
1225,1.4717039661648484e-11
1226,1.4852239226243603e-11
1227,1.4598301680425946e-11
1228,1.471533644598877e-11
1229,1.4577330102551658e-11
1230,1.4638774607718995e-11
1231,1.4526515267323565e-11
1232,1.4275074079329074e-11
1233,1.4513303291189115e-11
1234,1.4519824060421218e-11
1235,1.4186097526602278e-11
1236,1.4386703917815144e-11
1237,1.464662337416006e-11
1238,1.4319136406528125e-11
1239,1.4181637685709962e-11
1240,1.4465295217037986e-11
1241,1.4388343369576854e-11
1242,1.4430298573135148e-11
1243,1.437686863741552e-11
1244,1.4378737336332152e-11
1245,1.4299613114376048e-11
1246,1.4338498905573543e-11
1247,1.4190289685425809e-11
1248,1.4042889068977373e-11
1249,1.421423670345848e-11
1250,1.3996463572551531e-11
1251,1.4126903126022268e-11
1252,1.4401659118353575e-11
1253,1.3968831756788276e-11
1254,1.4147937138758723e-11
1255,1.3886147607238767e-11
1256,1.4093883243738108e-11
1257,1.4158878093216337e-11
1258,1.411244576027172e-11
1259,1.3887254747511561e-11
1260,1.4003482563623523e-11
1261,1.4234840690369514e-11
1262,1.3875839690004067e-11
1263,1.3965803045052106e-11
1264,1.4106270747154492e-11
1265,1.3885307505747878e-11
1266,1.3770894888161757e-11
1267,1.3843790897655767e-11
1268,1.3826001032711745e-11
1269,1.3782827035136666e-11
1270,1.3987223717535617e-11
1271,1.3592377573079697e-11
1272,1.39777855318408e-11
1273,1.3699600913207765e-11
1274,1.3694564046669449e-11
1275,1.3711400553513714e-11
1276,1.3470726417101596e-11
1277,1.3510909923722466e-11
1278,1.3717828682882618e-11
1279,1.3615025498366026e-11
1280,1.393458187404565e-11
1281,1.3538541407932674e-11
1282,1.339113999348432e-11
1283,1.3518642976485474e-11
1284,1.3391874359907669e-11
1285,1.3570099519708651e-11
1286,1.3621448864607426e-11
1287,1.3491683278914692e-11
1288,1.3626368162835002e-11
1289,1.3524743780817839e-11
1290,1.3561736419765613e-11
1291,1.3590252356166254e-11
1292,1.326601938970835e-11
1293,1.3566993278973325e-11
1294,1.3461676257134279e-11
1295,1.352555868257437e-11
1296,1.3482192439274413e-11
1297,1.3344509163108126e-11
1298,1.3323948217342399e-11
1299,1.299703672652937e-11
1300,1.3253892107791775e-11
1301,1.3081156706610473e-11
1302,1.3163383232304929e-11
1303,1.3479923406859479e-11
1304,1.3069524558906338e-11
1305,1.3184041331727689e-11
1306,1.296067766458171e-11
1307,1.284922898834822e-11
1308,1.3135156195457046e-11
1309,1.2962400973127543e-11
1310,1.3106019301613054e-11
1311,1.2973734619482682e-11
1312,1.3226711154142453e-11
1313,1.2978273508566507e-11
1314,1.3123243206912692e-11
1315,1.2930737660122507e-11
1316,1.3076475219232312e-11
1317,1.2865647160681055e-11
1318,1.297158107969357e-11
1319,1.2888644820335826e-11
1320,1.2719312847264854e-11
1321,1.2820429880300825e-11
1322,1.2981030628265604e-11
1323,1.2969906254642785e-11
1324,1.2610289870455695e-11
1325,1.273992091431464e-11
1326,1.2785347787111954e-11
1327,1.2652986558396321e-11
1328,1.2811843845372657e-11
1329,1.2787557094615927e-11
1330,1.2679545819683554e-11
1331,1.2740822124601124e-11
1332,1.2778381326292418e-11
1333,1.2617722503749877e-11
1334,1.268885876931395e-11
1335,1.262812140888128e-11
1336,1.2857577027496225e-11
1337,1.2622708432061183e-11
1338,1.2502131608136953e-11
1339,1.2446992956343251e-11
1340,1.2452897384033322e-11
1341,1.2487621474878604e-11
1342,1.26618537950176e-11
1343,1.2648120194237091e-11
1344,1.2364122325043846e-11
1345,1.25271889522311e-11
1346,1.2580003556406301e-11
1347,1.2426146742795027e-11
1348,1.248561159703408e-11
1349,1.2553583808430438e-11
1350,1.2287510536622335e-11
1351,1.2174346756792134e-11
1352,1.2477549917674713e-11
1353,1.2075947727918871e-11
1354,1.2430330754259395e-11
1355,1.2351010703177545e-11
1356,1.2364642656996494e-11
1357,1.2282222729875407e-11
1358,1.2288730249809113e-11
1359,1.2110223333655215e-11
1360,1.2461536358111034e-11
1361,1.2201644818889461e-11
1362,1.2225026424450605e-11
1363,1.2087120670726643e-11
1364,1.2063482482860243e-11
1365,1.2055870650084533e-11
1366,1.2137764061944581e-11
1367,1.2124609106195276e-11
1368,1.209948453013212e-11
1369,1.2115042034942293e-11
1370,1.2133949297717395e-11
1371,1.2113004631820963e-11
1372,1.175527627978887e-11
1373,1.2131699998867357e-11
1374,1.215904645160901e-11
1375,1.1739214901874821e-11
1376,1.2163515822310102e-11
1377,1.2075262564513513e-11
1378,1.2019047054237498e-11
1379,1.1992135510031955e-11
1380,1.1857823853204187e-11
1381,1.1829637819605675e-11
1382,1.1819125591688669e-11
1383,1.1906382171337694e-11
1384,1.1935645218801254e-11
1385,1.1944195617233043e-11
1386,1.1934978565306518e-11
1387,1.1902873121998757e-11
1388,1.178282435707145e-11
1389,1.1758757116346837e-11
1390,1.1897087262175725e-11
1391,1.166701069719227e-11
1392,1.1580424367923357e-11
1393,1.1819307662741298e-11
1394,1.1792134847608847e-11
1395,1.1776976682073994e-11
1396,1.1776057798840929e-11
1397,1.1408345887654926e-11
1398,1.1507326616248448e-11
1399,1.182881933763271e-11
1400,1.1690317081435732e-11
1401,1.1684138648245535e-11
1402,1.1661807393662583e-11
1403,1.1645037699983458e-11
1404,1.170056644153653e-11
1405,1.1596741251249303e-11
1406,1.144107606639424e-11
1407,1.1477748816579927e-11
1408,1.14507169695444e-11
1409,1.162221516524747e-11
1410,1.1651761054782072e-11
1411,1.138712740325662e-11
1412,1.1295122670729278e-11
1413,1.1413181840680284e-11
1414,1.1370351581920499e-11
1415,1.1360365310846924e-11
1416,1.1455058689463523e-11
1417,1.1419410133155134e-11
1418,1.1343531008180706e-11
1419,1.1466767764031764e-11
1420,1.1342788721017144e-11
1421,1.1222444512839139e-11
1422,1.1155648271017997e-11
1423,1.129516480537523e-11
1424,1.1375930308474373e-11
1425,1.1398111197698603e-11
1426,1.1223589876829706e-11
1427,1.1192256010557848e-11
1428,1.1244056376775583e-11
1429,1.1292021843594625e-11
1430,1.1076538102592677e-11
1431,1.1181412194384012e-11
1432,1.1303627104919325e-11
1433,1.1078591003447382e-11
1434,1.1124040785939468e-11
1435,1.1155141737002552e-11
1436,1.1069809512302126e-11
1437,1.0906064120253351e-11
1438,1.117568586149839e-11
1439,1.0953444632350788e-11
1440,1.117775895855011e-11
1441,1.1215881918588237e-11
1442,1.1097011277753035e-11
1443,1.0974613504981341e-11
1444,1.0953798604764005e-11
1445,1.0876172874428154e-11
1446,1.0829035767771133e-11
1447,1.1040582000685967e-11
1448,1.0796040630986845e-11
1449,1.0932866693862293e-11
1450,1.0823083821552108e-11
1451,1.0994730681878277e-11
1452,1.0813045644929407e-11
1453,1.0836169062045542e-11
1454,1.0769051842703447e-11
1455,1.0691736813022477e-11
1456,1.083641279788452e-11
1457,1.0830226125393431e-11
1458,1.071117796921274e-11
1459,1.0783564077992687e-11
1460,1.0619373105609242e-11
1461,1.0806305444418761e-11
1462,1.0790506098595414e-11
1463,1.0572846725770061e-11
1464,1.0541853033813924e-11
1465,1.076603834980305e-11
1466,1.0796789452406767e-11
1467,1.0562253555323444e-11
1468,1.075405807371495e-11
1469,1.058109414431504e-11
1470,1.0656157675406717e-11
1471,1.0587980851937362e-11
1472,1.077152411965506e-11
1473,1.0700609598332065e-11
1474,1.0400889435392821e-11
1475,1.0711636166077482e-11
1476,1.0687627186612454e-11
1477,1.0474897763536769e-11
1478,1.0565627345166964e-11
1479,1.0487899076404136e-11
1480,1.0693682974428397e-11
1481,1.0281300044439205e-11
1482,1.0421727467941074e-11
1483,1.036614378794237e-11
1484,1.0449169469930378e-11
1485,1.0424667636496e-11
1486,1.0309818081853857e-11
1487,1.0435947719107354e-11
1488,1.0155419872019032e-11
1489,1.0415104008701855e-11
1490,1.0450027052976861e-11
1491,1.0422104242142753e-11
1492,1.026371183115696e-11
1493,1.0477502679646163e-11
1494,1.0402138902172357e-11
1495,1.0466297624310587e-11
1496,1.0402923161967683e-11
1497,1.0335886466723032e-11
1498,1.0222258598662368e-11
1499,1.0388280930871426e-11
1500,1.0117238760558867e-11
1501,1.0228757943503781e-11
1502,1.0234997890197879e-11
1503,1.0389466254632991e-11
1504,1.0280347675773508e-11
1505,1.017653999885427e-11
1506,1.0100370597248634e-11
1507,1.014712660779001e-11
1508,1.010528518963201e-11
1509,1.0130912764404358e-11
1510,1.0064183350354109e-11
1511,1.0007194134528275e-11
1512,1.0253802120630015e-11
1513,1.0071126267647896e-11
1514,1.0209947531075432e-11
1515,9.983462511769923e-12
1516,1.0038321606265785e-11
1517,9.951589006632284e-12
1518,1.0089736357160428e-11
1519,9.935516689698487e-12
1520,9.990490849655211e-12
1521,1.0223297623643108e-11
1522,9.929383747846167e-12
1523,1.0085943075454772e-11
1524,9.847790524548623e-12
1525,9.84852254410691e-12
1526,1.0147738860843482e-11
1527,9.994091325162554e-12
1528,9.933475621947678e-12
1529,9.814917640472907e-12
1530,9.801825692980715e-12
1531,9.90711271131174e-12
1532,9.838386773491326e-12
1533,9.931419146101283e-12
1534,9.848478092135138e-12
1535,9.697344614191782e-12
1536,9.845083061995014e-12
1537,9.862376637968628e-12
1538,9.714979724639211e-12
1539,9.968706855235511e-12
1540,9.852421422418317e-12
1541,9.719768870889616e-12
1542,9.95382739226153e-12
1543,9.66863018503329e-12
1544,9.581300303103519e-12
1545,9.789318650164994e-12
1546,9.744034812006169e-12
1547,9.82130276057948e-12
1548,9.52651510652495e-12
1549,9.60140960062761e-12
1550,9.721443988720804e-12
1551,9.761629992807553e-12
1552,9.634200965141677e-12
1553,9.680892580706284e-12
1554,9.626038245242801e-12
1555,9.573027937973235e-12
1556,9.653887413799092e-12
1557,9.467265958655347e-12
1558,9.547412708479331e-12
1559,9.523163417442887e-12
1560,9.518600214485719e-12
1561,9.600434702484933e-12
1562,9.547305349623553e-12
1563,9.457418423128913e-12
1564,9.60891972645266e-12
1565,9.334047582884701e-12
1566,9.519881443070594e-12
1567,9.683755734829379e-12
1568,9.412469373793405e-12
1569,9.484528694708005e-12
1570,9.521417630967185e-12
1571,9.336072859595022e-12
1572,9.320582697069934e-12
1573,9.360694178318616e-12
1574,9.461438312875551e-12
1575,9.545693094281804e-12
1576,9.470762793798998e-12
1577,9.351319489054284e-12
1578,9.349302484158921e-12
1579,9.281393432950286e-12
1580,9.282603329459368e-12
1581,9.248062382060753e-12
1582,9.284017288434584e-12
1583,9.479510756794282e-12
1584,9.295078517925276e-12
1585,9.276173532721417e-12
1586,9.2916272396027e-12
1587,9.22380212660914e-12
1588,9.297983977851694e-12
1589,9.147655022856387e-12
1590,9.236644390666957e-12
1591,9.265771365806072e-12
1592,9.139570150137662e-12
1593,9.18127170977526e-12
1594,9.129388578695685e-12
1595,9.004241852101143e-12
1596,9.127643908452515e-12
1597,9.109776739095543e-12
1598,9.093797583035368e-12
1599,9.196058814832734e-12
1600,9.231518134122033e-12
1601,9.08759127297288e-12
1602,9.111558278330669e-12
1603,8.976018178037899e-12
1604,9.066229300607786e-12
1605,8.909584725063741e-12
1606,9.094990723680076e-12
1607,9.130200616003526e-12
1608,8.977191964071171e-12
1609,9.06785607706382e-12
1610,9.026084121755315e-12
1611,8.924629174539069e-12
1612,9.080350927535852e-12
1613,9.091994868503697e-12
1614,9.01348570540203e-12
1615,8.874558568215846e-12
1616,8.876814538457455e-12
1617,9.011782670467387e-12
1618,8.954684373048982e-12
1619,8.90514777402881e-12
1620,8.899735891668429e-12
1621,8.873496123495065e-12
1622,9.00743300697824e-12
1623,8.936763021319954e-12
1624,8.836426901178896e-12
1625,8.833263928490758e-12
1626,8.951594782612302e-12
1627,8.841575464106108e-12
1628,8.96504774196302e-12
1629,8.831950045733142e-12
1630,8.815097394429304e-12
1631,8.838546932565246e-12
1632,8.815337304847241e-12
1633,8.739522005040316e-12
1634,8.580594490954192e-12
1635,8.794730689404526e-12
1636,8.837643595406343e-12
1637,8.804994028867114e-12
1638,8.721117500314313e-12
1639,8.731173981001044e-12
1640,8.626731464210252e-12
1641,8.664054186055215e-12
1642,8.607785253008179e-12
1643,8.71896923930114e-12
1644,8.785803398930047e-12
1645,8.763054765356374e-12
1646,8.603656274386918e-12
1647,8.63560131988442e-12
1648,8.564988645306527e-12
1649,8.747951799843509e-12
1650,8.826323359704711e-12
1651,8.701261693568822e-12
1652,8.480094963010364e-12
1653,8.585301805217867e-12
1654,8.389879922318943e-12
1655,8.671346572670474e-12
1656,8.568212055360865e-12
1657,8.451006716809884e-12
1658,8.704471608227495e-12
1659,8.49044724790619e-12
1660,8.464081542164787e-12
1661,8.44662814968873e-12
1662,8.490693064015251e-12
1663,8.413531850004202e-12
1664,8.54888547124688e-12
1665,8.535513974016726e-12
1666,8.489240384111502e-12
1667,8.401472435495716e-12
1668,8.35552400739181e-12
1669,8.405298768639824e-12
1670,8.344410323037392e-12
1671,8.451621669173783e-12
1672,8.420640091748768e-12
1673,8.358415068958812e-12
1674,8.333174353523543e-12
1675,8.262147239225226e-12
1676,8.435223965924427e-12
1677,8.355102271765044e-12
1678,8.335998899363608e-12
1679,8.334697751788776e-12
1680,8.427756957706748e-12
1681,8.347162462487158e-12
1682,8.39928689265501e-12
1683,8.14291021561915e-12
1684,8.271531236587704e-12
1685,8.391129903576508e-12
1686,8.341632773367952e-12
1687,8.225043509683755e-12
1688,8.136634420006957e-12
1689,8.327588682059226e-12
1690,8.350859141965545e-12
1691,8.28457028578647e-12
1692,8.111252407820982e-12
1693,8.226147370431184e-12
1694,8.276701812285563e-12
1695,8.088427464489104e-12
1696,8.062658061453056e-12
1697,8.08026036947528e-12
1698,8.114671930858994e-12
1699,8.183716449327986e-12
1700,8.078265072743179e-12
1701,8.075768423688333e-12
1702,8.358552242970564e-12
1703,8.089081199196732e-12
1704,8.144978127195267e-12
1705,8.022336110849084e-12
1706,8.037770097367036e-12
1707,8.076511698196306e-12
1708,8.035893767484737e-12
1709,8.057294306418457e-12
1710,8.005115110937461e-12
1711,7.997345836383383e-12
1712,8.070615452401414e-12
1713,8.152449395400012e-12
1714,7.973968950839901e-12
1715,7.898233094456119e-12
1716,7.841288756261001e-12
1717,7.936336977950516e-12
1718,7.899085321520545e-12
1719,7.945084070801883e-12
1720,8.052776567918169e-12
1721,7.92541932000997e-12
1722,7.87407476310243e-12
1723,7.965215531130031e-12
1724,7.821734641848489e-12
1725,7.894491634386444e-12
1726,7.927094687210497e-12
1727,7.869059984246918e-12
1728,7.83597913961969e-12
1729,7.848969959660787e-12
1730,7.768368553751312e-12
1731,7.842506864372554e-12
1732,7.891957362605498e-12
1733,7.739360929400949e-12
1734,7.762092341120806e-12
1735,7.82637212871181e-12
1736,7.749295295866268e-12
1737,7.814492903807872e-12
1738,7.94086851147047e-12
1739,7.961244345112657e-12
1740,7.794340851427558e-12
1741,7.803400091914876e-12
1742,7.909238934116273e-12
1743,7.769935063195895e-12
1744,7.704291204579009e-12
1745,7.625795366902655e-12
1746,7.743063648331302e-12
1747,7.736312702035176e-12
1748,7.753306876090779e-12
1749,7.84767928168811e-12
1750,7.795348933573394e-12
1751,7.57473489848238e-12
1752,7.746656021128582e-12
1753,7.648674336956825e-12
1754,7.748842882319531e-12
1755,7.736168132682622e-12
1756,7.67542598702624e-12
1757,7.651551198331783e-12
1758,7.781804712961016e-12
1759,7.736776672596024e-12
1760,7.640028677937688e-12
1761,7.604295110465183e-12
1762,7.64500466259809e-12
1763,7.503536010178083e-12
1764,7.526989584712897e-12
1765,7.620006231767055e-12
1766,7.548894056711518e-12
1767,7.420592253319442e-12
1768,7.595484483066641e-12
1769,7.50556375412644e-12
1770,7.529392386259374e-12
1771,7.576713380602788e-12
1772,7.642229436119245e-12
1773,7.549066018750346e-12
1774,7.5669790471664e-12
1775,7.455908281167076e-12
1776,7.300499456104781e-12
1777,7.500356896940812e-12
1778,7.502139894694644e-12
1779,7.46996410003686e-12
1780,7.401790412076767e-12
1781,7.550755584418635e-12
1782,7.495401902686339e-12
1783,7.487900118637044e-12
1784,7.429139350750227e-12
1785,7.40148839430622e-12
1786,7.31521588951458e-12
1787,7.470267259299601e-12
1788,7.306291010162052e-12
1789,7.41748071134901e-12
1790,7.40611077667697e-12
1791,7.421920466213403e-12
1792,7.217951208336052e-12
1793,7.481969158335765e-12
1794,7.37477634472487e-12
1795,7.414243683931927e-12
1796,7.312875138943475e-12
1797,7.355957263563781e-12
1798,7.377551677281168e-12
1799,7.29625670716802e-12
1800,7.31803119719931e-12
1801,7.379485768720072e-12
1802,7.36206201475549e-12
1803,7.384191273162827e-12
1804,7.311963414186585e-12
1805,7.196792980226019e-12
1806,7.349466074117615e-12
1807,7.309376050357337e-12
1808,7.209375899950352e-12
1809,7.2610077611816e-12
1810,7.174493904701705e-12
1811,7.208316641607626e-12
1812,7.087859262183496e-12
1813,7.11725773216022e-12
1814,7.076826432382974e-12
1815,7.165086332683697e-12
1816,7.180783465189972e-12
1817,7.0745410944429616e-12
1818,7.151577832186086e-12
1819,7.065482752010235e-12
1820,7.172847424547998e-12
1821,7.340486080908718e-12
1822,7.227704233816929e-12
1823,7.289091803491525e-12
1824,7.17538143940971e-12
1825,7.168383601368455e-12
1826,7.206544310986185e-12
1827,7.132742449354165e-12
1828,7.030741057414877e-12
1829,7.20279867265777e-12
1830,7.181504410641256e-12
1831,7.1174055278573035e-12
1832,7.1441566076981275e-12
1833,7.093538811777929e-12
1834,7.143303543239885e-12
1835,7.096140374117923e-12
1836,6.953761059794204e-12
1837,7.181507307299543e-12
1838,7.0460836539472084e-12
1839,6.924250141957763e-12
1840,7.048393502619358e-12
1841,6.913570882220953e-12
1842,7.005705705041721e-12
1843,6.884368568206996e-12
1844,7.013803092977096e-12
1845,7.102929138602995e-12
1846,6.992304988530669e-12
1847,6.855130915449031e-12
1848,7.00785335316846e-12
1849,6.963122322223665e-12
1850,6.949551654440867e-12
1851,6.923091332457792e-12
1852,6.961227492052433e-12
1853,6.9017802973404304e-12
1854,7.015191459155448e-12
1855,6.944543654104405e-12
1856,6.957417562572224e-12
1857,6.840882023388402e-12
1858,6.8846908982943826e-12
1859,6.923861594810867e-12
1860,6.841011944948624e-12
1861,6.726296863749074e-12
1862,6.915086052816989e-12
1863,6.921656626521434e-12
1864,6.803965451160246e-12
1865,6.783627543588593e-12
1866,6.757112449725801e-12
1867,6.732807592887975e-12
1868,6.891089884527988e-12
1869,6.927576145870928e-12
1870,6.719810102144972e-12
1871,6.8356899521445925e-12
1872,6.81937961465608e-12
1873,6.794115034794663e-12
1874,6.879031662658496e-12
1875,6.7322045662340174e-12
1876,6.697013121263183e-12
1877,6.689188641135365e-12
1878,6.703424993526544e-12
1879,6.698451663161198e-12
1880,6.870163042852653e-12
1881,6.657480026310715e-12
1882,6.824650676161102e-12
1883,6.687967476997283e-12
1884,6.820527878672844e-12
1885,6.574291730057741e-12
1886,6.617289419851898e-12
1887,6.844424878759127e-12
1888,6.627766796819792e-12
1889,6.632040975794779e-12
1890,6.636051340711745e-12
1891,6.771932822584834e-12
1892,6.59185685745502e-12
1893,6.668755731494922e-12
1894,6.6381492048795694e-12
1895,6.686613014576755e-12
1896,6.6202247794543565e-12
1897,6.614966847693396e-12
1898,6.519502447511586e-12
1899,6.663661698687113e-12
1900,6.596466508511822e-12
1901,6.655877419985124e-12
1902,6.647245507958248e-12
1903,6.597188374258155e-12
1904,6.512008451551573e-12
1905,6.594459166350619e-12
1906,6.550201674505294e-12
1907,6.552831806184082e-12
1908,6.583036934483582e-12
1909,6.535958065767818e-12
1910,6.348563780213126e-12
1911,6.5558386413402e-12
1912,6.51315230740759e-12
1913,6.50973071035829e-12
1914,6.515044566843358e-12
1915,6.596849565336925e-12
1916,6.558437125419406e-12
1917,6.508699221281235e-12
1918,6.6187571314287834e-12
1919,6.4088425452458516e-12
1920,6.4510987148622395e-12
1921,6.432838249740856e-12
1922,6.41723633203995e-12
1923,6.398082302735184e-12
1924,6.445859723145539e-12
1925,6.486548011427041e-12
1926,6.540812257593865e-12
1927,6.440592007130941e-12
1928,6.390404581314905e-12
1929,6.4575171272140144e-12
1930,6.447507736857543e-12
1931,6.4144007194144324e-12
1932,6.300926886282123e-12
1933,6.325086224130158e-12
1934,6.351992034220723e-12
1935,6.295560704315597e-12
1936,6.362062971939164e-12
1937,6.3056985844799265e-12
1938,6.188232279886712e-12
1939,6.364490522133937e-12
1940,6.331408579856559e-12
1941,6.4158869931164585e-12
1942,6.414696663210043e-12
1943,6.508815328046242e-12
1944,6.3851296972464035e-12
1945,6.367368005877841e-12
1946,6.273930702359155e-12
1947,6.300582828240129e-12
1948,6.327874299003786e-12
1949,6.328947867593993e-12
1950,6.307665554550907e-12
1951,6.2325932547694936e-12
1952,6.253119863265985e-12
1953,6.27636624408472e-12
1954,6.304695705897405e-12
1955,6.2066573369856595e-12
1956,6.252174327213341e-12
1957,6.2996494547098475e-12
1958,6.228079714415145e-12
1959,6.206814691155024e-12
1960,6.239570805758343e-12
1961,6.113224236521162e-12
1962,6.2527196590151424e-12
1963,6.233627131029938e-12
1964,6.2219780547205576e-12
1965,6.210351068730253e-12
1966,6.187355815198798e-12
1967,6.025104656383635e-12
1968,6.121575231822891e-12
1969,6.181660911056133e-12
1970,6.114985435964064e-12
1971,6.1144996163696725e-12
1972,6.098814320945817e-12
1973,6.120004472000463e-12
1974,6.165601523679629e-12
1975,6.165539493112798e-12
1976,5.998680144079095e-12
1977,6.096995037049833e-12
1978,6.0885179518426135e-12
1979,6.149785452301938e-12
1980,6.062522817042897e-12
1981,6.037716578122787e-12
1982,6.050691441486382e-12
1983,6.183340380269163e-12
1984,6.073965648576224e-12
1985,5.959351776056438e-12
1986,6.134385966184358e-12
1987,5.969324855506468e-12
1988,6.05734770009497e-12
1989,6.1820144045716935e-12
1990,6.051057142387093e-12
1991,6.057061101294746e-12
1992,5.959546154746921e-12
1993,6.024493689455173e-12
1994,5.941777237300862e-12
1995,5.956117161971063e-12
1996,5.98309809468541e-12
1997,6.0393219523816635e-12
1998,5.969669733394424e-12
1999,5.9378097681326335e-12
